{
  "name": "Incluu | GitHub to Drive AutoSync",
  "modules": [
    {
      "id": 1,
      "module": "GitHub > Watch repository",
      "description": "Watches for push events on incluu_empire repo"
    },
    {
      "id": 2,
      "module": "HTTP > Make a request",
      "description": "Triggers Apps Script to run syncGitHubToDrive()"
    },
    {
      "id": 3,
      "module": "Slack > Send a message",
      "description": "Sends confirmation to #incluu-sync"
    },
    {
      "id": 4,
      "module": "Airtable > Create a record",
      "description": "Logs sync metadata in Airtable tracker"
    }
  ],
  "connections": [
    {
      "from": 1,
      "to": 2
    },
    {
      "from": 2,
      "to": 3
    },
    {
      "from": 2,
      "to": 4
    }
  ],
  "description": "Auto-sync ZIP bundles from GitHub to Drive, and log updates."
}