Week,Theme,Revenue Goal,Health Habit,Automation
Week 1,Podia Live + VIP Day Launch,$10K,3 walks + 1 check-in,Podia Fulfillment
Week 2,LinkedIn Keynote Campaign,$10K,TEDx 2x repost,LinkedIn Content Agent
Week 3,License Tier Promo,$5K,Recovery week,License Delivery
Week 4,Retainer Intake Open,$20K,Journaling daily,CRM Lead Agent
Week 5,Skool Community Seed,$0 (visibility),Group rest,Nurture Campaign
Week 6,YouTube + Keynote Reels,$15K,No new tasks,Content Automation
Week 7,Corporate Deal Flow,$20K,Deep work 2x,Agent Bundling
Week 8,Licensing Portal Launch,$25K,Spa / doctor,License Tracker
Week 9,Recovery + Reflection,-,Light posting,Health Tracker Logs
Week 10,AI Clone Re-Activation,$10K,Pause outreach,Apollo Auto Responder
Week 11,TEDx + Licensing Push,$15K,Public wins,Key Distribution Agent
Week 12,Sprint Wrap + Q2 Planning,$0,Retreat planning,Full Digest Report
